{
  "Version": 1,
  "ManifestType": "Publish",
  "Endpoints": [
    {
      "Route": "images/pets/235976dd-690d-439f-9ae8-c77defdfd03e.h4ht41esdr.png",
      "AssetFile": "images/pets/235976dd-690d-439f-9ae8-c77defdfd03e.png",
      "Selectors": [],
      "ResponseHeaders": [
        {
          "Name": "Accept-Ranges",
          "Value": "bytes"
        },
        {
          "Name": "Cache-Control",
          "Value": "max-age=31536000, immutable"
        },
        {
          "Name": "Content-Length",
          "Value": "2135171"
        },
        {
          "Name": "Content-Type",
          "Value": "image/png"
        },
        {
          "Name": "ETag",
          "Value": "\"D/y+X3+Lbq2kt5k3ugyYvNnz/8HNIroiUh7KBWgHPZ8=\""
        },
        {
          "Name": "Last-Modified",
          "Value": "Sun, 14 Sep 2025 05:41:42 GMT"
        }
      ],
      "EndpointProperties": [
        {
          "Name": "fingerprint",
          "Value": "h4ht41esdr"
        },
        {
          "Name": "integrity",
          "Value": "sha256-D/y+X3+Lbq2kt5k3ugyYvNnz/8HNIroiUh7KBWgHPZ8="
        },
        {
          "Name": "label",
          "Value": "images/pets/235976dd-690d-439f-9ae8-c77defdfd03e.png"
        }
      ]
    },
    {
      "Route": "images/pets/235976dd-690d-439f-9ae8-c77defdfd03e.png",
      "AssetFile": "images/pets/235976dd-690d-439f-9ae8-c77defdfd03e.png",
      "Selectors": [],
      "ResponseHeaders": [
        {
          "Name": "Accept-Ranges",
          "Value": "bytes"
        },
        {
          "Name": "Cache-Control",
          "Value": "max-age=3600, must-revalidate"
        },
        {
          "Name": "Content-Length",
          "Value": "2135171"
        },
        {
          "Name": "Content-Type",
          "Value": "image/png"
        },
        {
          "Name": "ETag",
          "Value": "\"D/y+X3+Lbq2kt5k3ugyYvNnz/8HNIroiUh7KBWgHPZ8=\""
        },
        {
          "Name": "Last-Modified",
          "Value": "Sun, 14 Sep 2025 05:41:42 GMT"
        }
      ],
      "EndpointProperties": [
        {
          "Name": "integrity",
          "Value": "sha256-D/y+X3+Lbq2kt5k3ugyYvNnz/8HNIroiUh7KBWgHPZ8="
        }
      ]
    },
    {
      "Route": "images/pets/669cc38c-3d0b-4056-9283-6fadb488d339.kh3sqwbr2r.png",
      "AssetFile": "images/pets/669cc38c-3d0b-4056-9283-6fadb488d339.png",
      "Selectors": [],
      "ResponseHeaders": [
        {
          "Name": "Accept-Ranges",
          "Value": "bytes"
        },
        {
          "Name": "Cache-Control",
          "Value": "max-age=31536000, immutable"
        },
        {
          "Name": "Content-Length",
          "Value": "2470794"
        },
        {
          "Name": "Content-Type",
          "Value": "image/png"
        },
        {
          "Name": "ETag",
          "Value": "\"WLV4lm+NsIGathepjnHELCBT/clG51yxvKKxaXAtYDw=\""
        },
        {
          "Name": "Last-Modified",
          "Value": "Sun, 14 Sep 2025 05:41:42 GMT"
        }
      ],
      "EndpointProperties": [
        {
          "Name": "fingerprint",
          "Value": "kh3sqwbr2r"
        },
        {
          "Name": "integrity",
          "Value": "sha256-WLV4lm+NsIGathepjnHELCBT/clG51yxvKKxaXAtYDw="
        },
        {
          "Name": "label",
          "Value": "images/pets/669cc38c-3d0b-4056-9283-6fadb488d339.png"
        }
      ]
    },
    {
      "Route": "images/pets/669cc38c-3d0b-4056-9283-6fadb488d339.png",
      "AssetFile": "images/pets/669cc38c-3d0b-4056-9283-6fadb488d339.png",
      "Selectors": [],
      "ResponseHeaders": [
        {
          "Name": "Accept-Ranges",
          "Value": "bytes"
        },
        {
          "Name": "Cache-Control",
          "Value": "max-age=3600, must-revalidate"
        },
        {
          "Name": "Content-Length",
          "Value": "2470794"
        },
        {
          "Name": "Content-Type",
          "Value": "image/png"
        },
        {
          "Name": "ETag",
          "Value": "\"WLV4lm+NsIGathepjnHELCBT/clG51yxvKKxaXAtYDw=\""
        },
        {
          "Name": "Last-Modified",
          "Value": "Sun, 14 Sep 2025 05:41:42 GMT"
        }
      ],
      "EndpointProperties": [
        {
          "Name": "integrity",
          "Value": "sha256-WLV4lm+NsIGathepjnHELCBT/clG51yxvKKxaXAtYDw="
        }
      ]
    },
    {
      "Route": "images/pets/cdc2581f-0129-4196-ac8b-911fd216ca5d.h4ht41esdr.png",
      "AssetFile": "images/pets/cdc2581f-0129-4196-ac8b-911fd216ca5d.png",
      "Selectors": [],
      "ResponseHeaders": [
        {
          "Name": "Accept-Ranges",
          "Value": "bytes"
        },
        {
          "Name": "Cache-Control",
          "Value": "max-age=31536000, immutable"
        },
        {
          "Name": "Content-Length",
          "Value": "2135171"
        },
        {
          "Name": "Content-Type",
          "Value": "image/png"
        },
        {
          "Name": "ETag",
          "Value": "\"D/y+X3+Lbq2kt5k3ugyYvNnz/8HNIroiUh7KBWgHPZ8=\""
        },
        {
          "Name": "Last-Modified",
          "Value": "Sun, 14 Sep 2025 05:41:42 GMT"
        }
      ],
      "EndpointProperties": [
        {
          "Name": "fingerprint",
          "Value": "h4ht41esdr"
        },
        {
          "Name": "integrity",
          "Value": "sha256-D/y+X3+Lbq2kt5k3ugyYvNnz/8HNIroiUh7KBWgHPZ8="
        },
        {
          "Name": "label",
          "Value": "images/pets/cdc2581f-0129-4196-ac8b-911fd216ca5d.png"
        }
      ]
    },
    {
      "Route": "images/pets/cdc2581f-0129-4196-ac8b-911fd216ca5d.png",
      "AssetFile": "images/pets/cdc2581f-0129-4196-ac8b-911fd216ca5d.png",
      "Selectors": [],
      "ResponseHeaders": [
        {
          "Name": "Accept-Ranges",
          "Value": "bytes"
        },
        {
          "Name": "Cache-Control",
          "Value": "max-age=3600, must-revalidate"
        },
        {
          "Name": "Content-Length",
          "Value": "2135171"
        },
        {
          "Name": "Content-Type",
          "Value": "image/png"
        },
        {
          "Name": "ETag",
          "Value": "\"D/y+X3+Lbq2kt5k3ugyYvNnz/8HNIroiUh7KBWgHPZ8=\""
        },
        {
          "Name": "Last-Modified",
          "Value": "Sun, 14 Sep 2025 05:41:42 GMT"
        }
      ],
      "EndpointProperties": [
        {
          "Name": "integrity",
          "Value": "sha256-D/y+X3+Lbq2kt5k3ugyYvNnz/8HNIroiUh7KBWgHPZ8="
        }
      ]
    },
    {
      "Route": "images/pets/d5be66c0-2a8f-4a11-b0fe-3d4c95de7292.kh3sqwbr2r.png",
      "AssetFile": "images/pets/d5be66c0-2a8f-4a11-b0fe-3d4c95de7292.png",
      "Selectors": [],
      "ResponseHeaders": [
        {
          "Name": "Accept-Ranges",
          "Value": "bytes"
        },
        {
          "Name": "Cache-Control",
          "Value": "max-age=31536000, immutable"
        },
        {
          "Name": "Content-Length",
          "Value": "2470794"
        },
        {
          "Name": "Content-Type",
          "Value": "image/png"
        },
        {
          "Name": "ETag",
          "Value": "\"WLV4lm+NsIGathepjnHELCBT/clG51yxvKKxaXAtYDw=\""
        },
        {
          "Name": "Last-Modified",
          "Value": "Sun, 14 Sep 2025 05:41:42 GMT"
        }
      ],
      "EndpointProperties": [
        {
          "Name": "fingerprint",
          "Value": "kh3sqwbr2r"
        },
        {
          "Name": "integrity",
          "Value": "sha256-WLV4lm+NsIGathepjnHELCBT/clG51yxvKKxaXAtYDw="
        },
        {
          "Name": "label",
          "Value": "images/pets/d5be66c0-2a8f-4a11-b0fe-3d4c95de7292.png"
        }
      ]
    },
    {
      "Route": "images/pets/d5be66c0-2a8f-4a11-b0fe-3d4c95de7292.png",
      "AssetFile": "images/pets/d5be66c0-2a8f-4a11-b0fe-3d4c95de7292.png",
      "Selectors": [],
      "ResponseHeaders": [
        {
          "Name": "Accept-Ranges",
          "Value": "bytes"
        },
        {
          "Name": "Cache-Control",
          "Value": "max-age=3600, must-revalidate"
        },
        {
          "Name": "Content-Length",
          "Value": "2470794"
        },
        {
          "Name": "Content-Type",
          "Value": "image/png"
        },
        {
          "Name": "ETag",
          "Value": "\"WLV4lm+NsIGathepjnHELCBT/clG51yxvKKxaXAtYDw=\""
        },
        {
          "Name": "Last-Modified",
          "Value": "Sun, 14 Sep 2025 05:41:42 GMT"
        }
      ],
      "EndpointProperties": [
        {
          "Name": "integrity",
          "Value": "sha256-WLV4lm+NsIGathepjnHELCBT/clG51yxvKKxaXAtYDw="
        }
      ]
    },
    {
      "Route": "images/pets/e3a5d084-f046-4126-a582-5128b906e2e6.h4ht41esdr.png",
      "AssetFile": "images/pets/e3a5d084-f046-4126-a582-5128b906e2e6.png",
      "Selectors": [],
      "ResponseHeaders": [
        {
          "Name": "Accept-Ranges",
          "Value": "bytes"
        },
        {
          "Name": "Cache-Control",
          "Value": "max-age=31536000, immutable"
        },
        {
          "Name": "Content-Length",
          "Value": "2135171"
        },
        {
          "Name": "Content-Type",
          "Value": "image/png"
        },
        {
          "Name": "ETag",
          "Value": "\"D/y+X3+Lbq2kt5k3ugyYvNnz/8HNIroiUh7KBWgHPZ8=\""
        },
        {
          "Name": "Last-Modified",
          "Value": "Sun, 14 Sep 2025 05:41:42 GMT"
        }
      ],
      "EndpointProperties": [
        {
          "Name": "fingerprint",
          "Value": "h4ht41esdr"
        },
        {
          "Name": "integrity",
          "Value": "sha256-D/y+X3+Lbq2kt5k3ugyYvNnz/8HNIroiUh7KBWgHPZ8="
        },
        {
          "Name": "label",
          "Value": "images/pets/e3a5d084-f046-4126-a582-5128b906e2e6.png"
        }
      ]
    },
    {
      "Route": "images/pets/e3a5d084-f046-4126-a582-5128b906e2e6.png",
      "AssetFile": "images/pets/e3a5d084-f046-4126-a582-5128b906e2e6.png",
      "Selectors": [],
      "ResponseHeaders": [
        {
          "Name": "Accept-Ranges",
          "Value": "bytes"
        },
        {
          "Name": "Cache-Control",
          "Value": "max-age=3600, must-revalidate"
        },
        {
          "Name": "Content-Length",
          "Value": "2135171"
        },
        {
          "Name": "Content-Type",
          "Value": "image/png"
        },
        {
          "Name": "ETag",
          "Value": "\"D/y+X3+Lbq2kt5k3ugyYvNnz/8HNIroiUh7KBWgHPZ8=\""
        },
        {
          "Name": "Last-Modified",
          "Value": "Sun, 14 Sep 2025 05:41:42 GMT"
        }
      ],
      "EndpointProperties": [
        {
          "Name": "integrity",
          "Value": "sha256-D/y+X3+Lbq2kt5k3ugyYvNnz/8HNIroiUh7KBWgHPZ8="
        }
      ]
    },
    {
      "Route": "images/products/d4baf950-06ec-425d-a350-5da217e2dd24.opup6fbcbl.png",
      "AssetFile": "images/products/d4baf950-06ec-425d-a350-5da217e2dd24.png",
      "Selectors": [],
      "ResponseHeaders": [
        {
          "Name": "Accept-Ranges",
          "Value": "bytes"
        },
        {
          "Name": "Cache-Control",
          "Value": "max-age=31536000, immutable"
        },
        {
          "Name": "Content-Length",
          "Value": "26311"
        },
        {
          "Name": "Content-Type",
          "Value": "image/png"
        },
        {
          "Name": "ETag",
          "Value": "\"RIb0t29ePsrlkHeGwX4Gu2wygnKQ0an0hxWZjgRHPi0=\""
        },
        {
          "Name": "Last-Modified",
          "Value": "Sun, 14 Sep 2025 05:41:42 GMT"
        }
      ],
      "EndpointProperties": [
        {
          "Name": "fingerprint",
          "Value": "opup6fbcbl"
        },
        {
          "Name": "integrity",
          "Value": "sha256-RIb0t29ePsrlkHeGwX4Gu2wygnKQ0an0hxWZjgRHPi0="
        },
        {
          "Name": "label",
          "Value": "images/products/d4baf950-06ec-425d-a350-5da217e2dd24.png"
        }
      ]
    },
    {
      "Route": "images/products/d4baf950-06ec-425d-a350-5da217e2dd24.png",
      "AssetFile": "images/products/d4baf950-06ec-425d-a350-5da217e2dd24.png",
      "Selectors": [],
      "ResponseHeaders": [
        {
          "Name": "Accept-Ranges",
          "Value": "bytes"
        },
        {
          "Name": "Cache-Control",
          "Value": "max-age=3600, must-revalidate"
        },
        {
          "Name": "Content-Length",
          "Value": "26311"
        },
        {
          "Name": "Content-Type",
          "Value": "image/png"
        },
        {
          "Name": "ETag",
          "Value": "\"RIb0t29ePsrlkHeGwX4Gu2wygnKQ0an0hxWZjgRHPi0=\""
        },
        {
          "Name": "Last-Modified",
          "Value": "Sun, 14 Sep 2025 05:41:42 GMT"
        }
      ],
      "EndpointProperties": [
        {
          "Name": "integrity",
          "Value": "sha256-RIb0t29ePsrlkHeGwX4Gu2wygnKQ0an0hxWZjgRHPi0="
        }
      ]
    },
    {
      "Route": "images/users/024eccb5-9be0-42f2-9ca2-608deabb5471.f4yze66ivn.jpg",
      "AssetFile": "images/users/024eccb5-9be0-42f2-9ca2-608deabb5471.jpg",
      "Selectors": [],
      "ResponseHeaders": [
        {
          "Name": "Accept-Ranges",
          "Value": "bytes"
        },
        {
          "Name": "Cache-Control",
          "Value": "max-age=31536000, immutable"
        },
        {
          "Name": "Content-Length",
          "Value": "3638510"
        },
        {
          "Name": "Content-Type",
          "Value": "image/jpeg"
        },
        {
          "Name": "ETag",
          "Value": "\"geIpMQlQCRacQgwJZ97yb9W5xN+v+blwV9boK5CxlGg=\""
        },
        {
          "Name": "Last-Modified",
          "Value": "Sun, 14 Sep 2025 05:56:49 GMT"
        }
      ],
      "EndpointProperties": [
        {
          "Name": "fingerprint",
          "Value": "f4yze66ivn"
        },
        {
          "Name": "integrity",
          "Value": "sha256-geIpMQlQCRacQgwJZ97yb9W5xN+v+blwV9boK5CxlGg="
        },
        {
          "Name": "label",
          "Value": "images/users/024eccb5-9be0-42f2-9ca2-608deabb5471.jpg"
        }
      ]
    },
    {
      "Route": "images/users/024eccb5-9be0-42f2-9ca2-608deabb5471.jpg",
      "AssetFile": "images/users/024eccb5-9be0-42f2-9ca2-608deabb5471.jpg",
      "Selectors": [],
      "ResponseHeaders": [
        {
          "Name": "Accept-Ranges",
          "Value": "bytes"
        },
        {
          "Name": "Cache-Control",
          "Value": "max-age=3600, must-revalidate"
        },
        {
          "Name": "Content-Length",
          "Value": "3638510"
        },
        {
          "Name": "Content-Type",
          "Value": "image/jpeg"
        },
        {
          "Name": "ETag",
          "Value": "\"geIpMQlQCRacQgwJZ97yb9W5xN+v+blwV9boK5CxlGg=\""
        },
        {
          "Name": "Last-Modified",
          "Value": "Sun, 14 Sep 2025 05:56:49 GMT"
        }
      ],
      "EndpointProperties": [
        {
          "Name": "integrity",
          "Value": "sha256-geIpMQlQCRacQgwJZ97yb9W5xN+v+blwV9boK5CxlGg="
        }
      ]
    },
    {
      "Route": "images/users/87c7357f-6a02-48a9-8950-178d0b9339f1.kh3sqwbr2r.png",
      "AssetFile": "images/users/87c7357f-6a02-48a9-8950-178d0b9339f1.png",
      "Selectors": [],
      "ResponseHeaders": [
        {
          "Name": "Accept-Ranges",
          "Value": "bytes"
        },
        {
          "Name": "Cache-Control",
          "Value": "max-age=31536000, immutable"
        },
        {
          "Name": "Content-Length",
          "Value": "2470794"
        },
        {
          "Name": "Content-Type",
          "Value": "image/png"
        },
        {
          "Name": "ETag",
          "Value": "\"WLV4lm+NsIGathepjnHELCBT/clG51yxvKKxaXAtYDw=\""
        },
        {
          "Name": "Last-Modified",
          "Value": "Sun, 14 Sep 2025 05:41:42 GMT"
        }
      ],
      "EndpointProperties": [
        {
          "Name": "fingerprint",
          "Value": "kh3sqwbr2r"
        },
        {
          "Name": "integrity",
          "Value": "sha256-WLV4lm+NsIGathepjnHELCBT/clG51yxvKKxaXAtYDw="
        },
        {
          "Name": "label",
          "Value": "images/users/87c7357f-6a02-48a9-8950-178d0b9339f1.png"
        }
      ]
    },
    {
      "Route": "images/users/87c7357f-6a02-48a9-8950-178d0b9339f1.png",
      "AssetFile": "images/users/87c7357f-6a02-48a9-8950-178d0b9339f1.png",
      "Selectors": [],
      "ResponseHeaders": [
        {
          "Name": "Accept-Ranges",
          "Value": "bytes"
        },
        {
          "Name": "Cache-Control",
          "Value": "max-age=3600, must-revalidate"
        },
        {
          "Name": "Content-Length",
          "Value": "2470794"
        },
        {
          "Name": "Content-Type",
          "Value": "image/png"
        },
        {
          "Name": "ETag",
          "Value": "\"WLV4lm+NsIGathepjnHELCBT/clG51yxvKKxaXAtYDw=\""
        },
        {
          "Name": "Last-Modified",
          "Value": "Sun, 14 Sep 2025 05:41:42 GMT"
        }
      ],
      "EndpointProperties": [
        {
          "Name": "integrity",
          "Value": "sha256-WLV4lm+NsIGathepjnHELCBT/clG51yxvKKxaXAtYDw="
        }
      ]
    }
  ]
}